{"cameraMode":{"drawMode":0,"name":"Shaded","section":"Shading Mode"},"sceneLighting":false,"audioPlay":false,"sceneViewState":{"m_AlwaysRefresh":false,"showFog":true,"showSkybox":false,"showFlares":true,"showImageEffects":true,"showParticleSystems":true,"showVisualEffectGraphs":true,"m_FxEnabled":true},"in2DMode":false,"pivot":{"x":1.2833468914031983,"y":4.7216877937316898,"z":-4.319147109985352},"rotation":{"x":-0.02999674528837204,"y":0.004487982485443354,"z":-0.00011888817243743688,"w":-0.9996240139007568},"size":0.8660253882408142,"orthographic":true}